{"cameraMode":{"drawMode":0,"name":"Shaded","section":"Shading Mode"},"sceneLighting":true,"audioPlay":false,"sceneViewState":{"m_AlwaysRefresh":false,"showFog":true,"showSkybox":true,"showFlares":true,"showImageEffects":true,"showParticleSystems":true,"showVisualEffectGraphs":true,"m_FxEnabled":true},"in2DMode":false,"pivot":{"x":6.483591079711914,"y":-3.624335289001465,"z":-3.531707763671875},"rotation":{"x":0.3829517960548401,"y":-0.006928909104317427,"z":0.0028712137136608364,"w":0.9237409830093384},"size":11.561358451843262,"orthographic":false}